onset	duration	task	sentence_id	phoneme	phoneme_id	complete_type
0.0124716553288	0.013754595584851304	lombard	1	sp	1	B
0.026226250913651303	0.016177377204248698	lombard	1	G	2	B
0.0424036281179	0.0798185941041	lombard	1	L	3	B
0.122222222222	0.079818594105	lombard	1	UW1	4	B
0.202040816327	0.039909297052	lombard	1	DH	5	B
0.241950113379	0.06002104797228122	lombard	1	AH0	6	B
0.3019711613512812	0.1295481130247188	lombard	1	SH	7	B
0.431519274376	0.12970521542000002	lombard	1	IY1	8	B
0.561224489796	0.04988662131499999	lombard	1	T	9	B
0.611111111111	0.06984126984099992	lombard	1	T	10	B
0.680952380952	0.0598639455790001	lombard	1	AH0	11	B
0.740816326531	0.03990929705199997	lombard	1	DH	12	B
0.780725623583	0.03990929705199997	lombard	1	AH0	13	B
0.820634920635	0.07981859410400005	lombard	1	D	14	B
0.900453514739	0.08979591836799994	lombard	1	AA1	15	B
0.990249433107	0.05986394557300012	lombard	1	R	16	B
1.05011337868	0.029931972789999817	lombard	1	K	17	B
1.08004535147	0.08979591837000012	lombard	1	B	18	B
1.16984126984	0.0897959183699999	lombard	1	L	19	B
1.25963718821	0.07981859410000003	lombard	1	UW1	20	B
1.33945578231	0.06984126983999994	lombard	1	B	21	B
1.40929705215	0.10975056690000007	lombard	1	AE1	22	B
1.51904761905	0.04988662130999999	lombard	1	K	23	B
1.56893424036	0.039909297050000125	lombard	1	G	24	B
1.60884353741	0.13968253968999989	lombard	1	R	25	B
1.7485260771	0.02993197279000004	lombard	1	AW2	26	B
1.77845804989	0.05986394557000008	lombard	1	N	27	B
1.83832199546	0.059863945579999855	lombard	1	D	28	B
1.89818594104	0.019954648530000174	lombard	1	sp	29	B
0.0124716553288	0.029931972789100002	lombard	2	DH	1	B
0.0424036281179	0.08979591836710002	lombard	2	EH1	2	B
0.132199546485	0.04988662131499999	lombard	2	R	3	B
0.1820861678	0.029931972789999983	lombard	2	ER0	4	B
0.21201814059	0.08979591836699999	lombard	2	M	5	B
0.301814058957	0.11972789115600002	lombard	2	AO1	6	B
0.421541950113	0.09977324263099996	lombard	2	R	7	B
0.521315192744	0.04988662131499999	lombard	2	DH	8	B
0.571201814059	0.03990929705200008	lombard	2	AH0	9	B
0.611111111111	0.03990929705199997	lombard	2	N	10	B
0.651020408163	0.14965986394599995	lombard	2	T	11	B
0.800680272109	0.12970521541900004	lombard	2	UW1	12	B
0.930385487528	0.10975056689200002	lombard	2	F	13	B
1.04013605442	0.11972789115999993	lombard	2	AE1	14	B
1.15986394558	0.05986394558000008	lombard	2	K	15	B
1.21972789116	0.04988662130999999	lombard	2	T	16	B
1.26961451247	0.0897959183699999	lombard	2	ER0	17	B
1.35941043084	0.04988662130999999	lombard	2	Z	18	B
1.40929705215	0.10975056690000007	lombard	2	HH	19	B
1.51904761905	0.06984126983999994	lombard	2	IH1	20	B
1.58888888889	0.12970521542000002	lombard	2	R	21	B
1.71859410431	0.09977324262999998	lombard	2	sp	22	B
0.0124716553288	0.029931972789100002	lombard	3	DH	1	B
0.0424036281179	0.029931972789100002	lombard	3	AH0	2	B
0.072335600907	0.119727891156	lombard	3	P	3	B
0.192063492063	0.05986394557899999	lombard	3	L	4	B
0.251927437642	0.109750566893	lombard	3	AE1	5	B
0.361678004535	0.039909297052000026	lombard	3	N	6	B
0.401587301587	0.029931972789000005	lombard	3	T	7	B
0.431519274376	0.029931972789999983	lombard	3	G	8	B
0.461451247166	0.08979591836700002	lombard	3	R	9	B
0.551247165533	0.03990929705199997	lombard	3	UW1	10	B
0.591156462585	0.08979591836699996	lombard	3	L	11	B
0.680952380952	0.07981859410500003	lombard	3	AA1	12	B
0.760770975057	0.07981859410400005	lombard	3	R	13	B
0.840589569161	0.08009077184490798	lombard	3	JH	14	B
0.920680341005908	0.06956909210109197	lombard	3	AH0	15	B
0.990249433107	0.029931972793000083	lombard	3	N	16	B
1.0201814059	0.04911159481124683	lombard	3	D	17	B
1.0692930007112469	0.040684323548753065	lombard	3	G	18	B
1.10997732426	0.07981859411000003	lombard	3	R	19	B
1.18979591837	0.09977324262999998	lombard	3	IY1	20	B
1.289569161	0.05986394558000008	lombard	3	N	21	B
1.34943310658	0.04988662130999999	lombard	3	IH1	22	B
1.39931972789	0.04988662131999999	lombard	3	N	23	B
1.44920634921	0.02993197279000004	lombard	3	DH	24	B
1.479138322	0.029931972780000038	lombard	3	AH0	25	B
1.50907029478	0.0897959183699999	lombard	3	W	26	B
1.59886621315	0.02993197279000004	lombard	3	IH1	27	B
1.62879818594	0.04988662131999999	lombard	3	N	28	B
1.67868480726	0.14965986393999997	lombard	3	D	29	B
1.8283446712	0.06984126983999994	lombard	3	OW0	30	B
0.0124716553288	0.1297052154192	lombard	4	F	1	B
0.142176870748	0.039909297052	lombard	4	IH1	2	B
0.1820861678	0.08979591836800002	lombard	4	L	3	B
0.271882086168	0.03990929705199997	lombard	4	DH	4	B
0.31179138322	0.06984126984100003	lombard	4	IY0	5	B
0.381632653061	0.02993197278899995	lombard	4	IH1	6	B
0.41156462585	0.119727891157	lombard	4	NG	7	B
0.531292517007	0.04988662131499999	lombard	4	K	8	B
0.581179138322	0.07981859410400005	lombard	4	JH	9	B
0.660997732426	0.10975056689399998	lombard	4	AA1	10	B
0.77074829932	0.08979591836699996	lombard	4	R	11	B
0.860544217687	0.03990929705200008	lombard	4	W	12	B
0.900453514739	0.02993197278899995	lombard	4	IH1	13	B
0.930385487528	0.04988662131599997	lombard	4	TH	14	B
0.980272108844	0.13968253968600008	lombard	4	S	15	B
1.11995464853	0.0399092970499999	lombard	4	T	16	B
1.15986394558	0.05986394558000008	lombard	4	IH1	17	B
1.21972789116	0.09977324262999998	lombard	4	K	18	B
1.31950113379	0.07981859410000003	lombard	4	IY0	19	B
1.39931972789	0.10975056689000007	lombard	4	G	20	B
1.50907029478	0.11972789115999993	lombard	4	L	21	B
1.62879818594	0.18956916099999988	lombard	4	UW1	22	B
1.81836734694	0.08979591837000012	lombard	4	sp	23	B
0.0124716553288	0.0698412698413	lombard	5	K	1	B
0.0823129251701	0.1596371882089	lombard	5	OW1	2	B
0.241950113379	0.039909297052	lombard	5	D	3	B
0.281859410431	0.08979591836700002	lombard	5	IH1	4	B
0.371655328798	0.079818594104	lombard	5	Z	5	B
0.451473922902	0.15963718820900002	lombard	5	Y	6	B
0.611111111111	0.04988662131499999	lombard	5	UW1	7	B
0.660997732426	0.02993197278899995	lombard	5	Z	8	B
0.690929705215	0.05270431407285825	lombard	5	D	9	B
0.7436340192878582	0.02711428003214178	lombard	5	HH	10	B
0.77074829932	0.04988662131499999	lombard	5	W	11	B
0.820634920635	0.02993197278900006	lombard	5	EH1	12	B
0.850566893424	0.0598639455779999	lombard	5	N	13	B
0.910430839002	0.07981859410500003	lombard	5	S	14	B
0.990249433107	0.07981859410300007	lombard	5	IY1	15	B
1.07006802721	0.059863945579999855	lombard	5	K	16	B
1.12993197279	0.04988662130999999	lombard	5	R	17	B
1.1798185941	0.039909297060000126	lombard	5	AH0	18	B
1.21972789116	0.04988662130999999	lombard	5	T	19	B
1.26961451247	0.04988662131999999	lombard	5	S	20	B
1.31950113379	0.05986394558000008	lombard	5	AA1	21	B
1.37936507937	0.07981859410000003	lombard	5	R	22	B
1.45918367347	0.11111875693017748	lombard	5	S	23	B
1.5703024304001776	0.0784504040698224	lombard	5	EH1	24	B
1.64875283447	0.04988662130999999	lombard	5	N	25	B
1.69863945578	0.02993197279000004	lombard	5	T	26	B
0.0124716553288	0.059863945578200004	lombard	6	HH	1	B
0.072335600907	0.0941400788345747	lombard	6	IY1	2	B
0.1664756797415747	0.10540640642642532	lombard	6	AO1	3	B
0.271882086168	0.09977324262999998	lombard	6	F	4	B
0.371655328798	0.06984126984099998	lombard	6	ER0	5	B
0.441496598639	0.049886621316000024	lombard	6	D	6	B
0.491383219955	0.08979591836699996	lombard	6	P	7	B
0.581179138322	0.08979591836700007	lombard	6	R	8	B
0.670975056689	0.09977324263099996	lombard	6	UW1	9	B
0.77074829932	0.07981859410400005	lombard	6	F	10	B
0.850566893424	0.03990929705199997	lombard	6	AH0	11	B
0.890476190476	0.02993197278899995	lombard	6	N	12	B
0.920408163265	0.02993197278900006	lombard	6	DH	13	B
0.950340136054	0.04988662131600008	lombard	6	AH0	14	B
1.00022675737	0.10975056688999985	lombard	6	F	15	B
1.10997732426	0.07981859411000003	lombard	6	AO1	16	B
1.18979591837	0.04988662130999999	lombard	6	R	17	B
1.23968253968	0.04988662131999999	lombard	6	M	18	B
1.289569161	0.039909297050000125	lombard	6	AH1	19	B
1.32947845805	0.04988662131999999	lombard	6	V	20	B
1.37936507937	0.029931972779999816	lombard	6	AH0	21	B
1.40929705215	0.1396825396900001	lombard	6	L	22	B
1.54897959184	0.06984126983999994	lombard	6	AA1	23	B
1.61882086168	0.07981859410000003	lombard	6	R	24	B
1.69863945578	0.09977324262999998	lombard	6	JH	25	B
1.79841269841	0.1396825396900001	lombard	6	CH	26	B
1.9380952381	0.059863945569999855	lombard	6	AA1	27	B
1.99795918367	0.04988662132000021	lombard	6	R	28	B
2.04784580499	0.10975056688999985	lombard	6	T	29	B
0.0124716553288	0.1297052154192	lombard	7	OW1	1	A
0.142176870748	0.05986394557899999	lombard	7	T	2	A
0.202040816327	0.079818594104	lombard	7	S	3	A
0.281859410431	0.11972789115600002	lombard	7	AA1	4	A
0.401587301587	0.05986394557899999	lombard	7	R	5	A
0.461451247166	0.029931972789000005	lombard	7	AH0	6	A
0.491383219955	0.13968253968199995	lombard	7	F	7	A
0.631065759637	0.10975056689400009	lombard	7	UW1	8	A
0.740816326531	0.08979591836699996	lombard	7	D	9	A
0.830612244898	0.1696145124720001	lombard	7	IY1	10	A
1.00022675737	0.029931972789999817	lombard	7	T	11	A
1.03015873016	0.02993197279000004	lombard	7	AH0	12	A
1.06009070295	0.039909297050000125	lombard	7	N	13	A
1.1	0.059863945579999855	lombard	7	B	14	A
1.15986394558	0.12970521542000002	lombard	7	AY1	15	A
1.289569161	0.07981859410000003	lombard	7	HH	16	A
1.3693877551	0.08979591837000012	lombard	7	AO1	17	A
1.45918367347	0.04988662130999999	lombard	7	R	18	A
1.50907029478	0.11972789115999993	lombard	7	S	19	A
1.62879818594	0.0399092970499999	lombard	7	AH0	20	A
1.66870748299	0.039909297060000126	lombard	7	N	21	A
1.70861678005	0.029931972780000038	lombard	7	D	22	A
1.73854875283	0.06984126984999994	lombard	7	M	23	A
1.80839002268	0.16961451246999992	lombard	7	AE1	24	A
1.97800453515	0.10975056689000007	lombard	7	N	25	A
0.0124716553288	0.029931972789100002	lombard	8	DH	1	B
0.0424036281179	0.05986394557809999	lombard	8	EH1	2	B
0.102267573696	0.049886621315000004	lombard	8	R	3	B
0.152154195011	0.039909297052	lombard	8	ER0	4	B
0.192063492063	0.119727891157	lombard	8	M	5	B
0.31179138322	0.04988662131499999	lombard	8	EH1	6	B
0.361678004535	0.029931972789000005	lombard	8	N	7	B
0.391609977324	0.10975056689400003	lombard	8	IY0	8	B
0.501360544218	0.08979591836699996	lombard	8	W	9	B
0.591156462585	0.109750566893	lombard	8	EY1	10	B
0.700907029478	0.06984126984200001	lombard	8	Z	11	B
0.77074829932	0.00997732426300002	lombard	8	sp	12	B
0.780725623583	0.08979591836699996	lombard	8	T	13	B
0.87052154195	0.05986394557800001	lombard	8	AH0	14	B
0.930385487528	0.05986394557899999	lombard	8	D	15	B
0.990249433107	0.11972789115299998	lombard	8	UW1	16	B
1.10997732426	0.039909297060000126	lombard	8	DH	17	B
1.14988662132	0.09977324262999998	lombard	8	IY1	18	B
1.24965986395	0.029931972780000038	lombard	8	Z	19	B
1.27959183673	0.11972789115999993	lombard	8	TH	20	B
1.39931972789	0.0399092970499999	lombard	8	IH1	21	B
1.43922902494	0.19954648525999996	lombard	8	NG	22	B
1.6387755102	0.15963718821000006	lombard	8	Z	23	B
0.0124716553288	0.029931972789100002	lombard	9	DH	1	A
0.0424036281179	0.05986394557809999	lombard	9	EY1	2	A
0.102267573696	0.10975056689399999	lombard	9	S	3	A
0.21201814059	0.08979591836699999	lombard	9	AE1	4	A
0.301814058957	0.09977324263000004	lombard	9	NG	5	A
0.401587301587	0.03990929705199997	lombard	9	DH	6	A
0.441496598639	0.02993197279000004	lombard	9	AH0	7	A
0.471428571429	0.129705215419	lombard	9	S	8	A
0.601133786848	0.09977324262999998	lombard	9	EY1	9	A
0.700907029478	0.06984126984200001	lombard	9	M	10	A
0.77074829932	0.12970521541900004	lombard	9	T	11	A
0.900453514739	0.17959183673099988	lombard	9	UW1	12	A
1.08004535147	0.06984126985000016	lombard	9	N	13	A
1.14988662132	0.12970521541000002	lombard	9	Z	14	A
1.27959183673	0.059863945579999855	lombard	9	AE1	15	A
1.33945578231	0.04988662131999999	lombard	9	T	16	A
1.38934240363	0.10975056689000007	lombard	9	IY1	17	A
1.49909297052	0.10975056689000007	lombard	9	CH	18	A
1.60884353741	0.11972789115999993	lombard	9	P	19	A
1.72857142857	0.06984126983999994	lombard	9	AA1	20	A
1.79841269841	0.06984126983999994	lombard	9	R	21	A
1.86825396825	0.02993197279000004	lombard	9	T	22	A
1.89818594104	0.1496598639500002	lombard	9	IY0	23	A
0.0124716553288	0.029931972789100002	lombard	10	DH	1	B
0.0424036281179	0.029931972789100002	lombard	10	AH0	2	B
0.072335600907	0.149659863946	lombard	10	R	3	B
0.221995464853	0.029931972788999978	lombard	10	UW1	4	B
0.251927437642	0.029931972789000005	lombard	10	F	5	B
0.281859410431	0.139682539682	lombard	10	SH	6	B
0.421541950113	0.029931972789000005	lombard	10	UH1	7	B
0.451473922902	0.049886621316000024	lombard	10	D	8	B
0.501360544218	0.04988662131499999	lombard	10	B	9	B
0.551247165533	0.09977324262999998	lombard	10	IY1	10	B
0.651020408163	0.12970521542000002	lombard	10	T	11	B
0.780725623583	0.03990929705199997	lombard	10	IH1	12	B
0.820634920635	0.06984126984100003	lombard	10	L	13	B
0.890476190476	0.09977324263099996	lombard	10	T	14	B
0.990249433107	0.10975056689300011	lombard	10	AH0	15	B
1.1	0.09977324262999998	lombard	10	D	16	B
1.19977324263	0.11972789115999993	lombard	10	AE1	17	B
1.31950113379	0.02993197279000004	lombard	10	T	18	B
1.34943310658	0.0399092970499999	lombard	10	AH0	19	B
1.38934240363	0.15963718821000006	lombard	10	SH	20	B
1.54897959184	0.06984126983999994	lombard	10	AA1	21	B
1.61882086168	0.05986394558000008	lombard	10	R	22	B
1.67868480726	0.05986394557000008	lombard	10	P	23	B
1.73854875283	0.10975056689999985	lombard	10	S	24	B
1.84829931973	0.10975056689000007	lombard	10	L	25	B
1.95804988662	0.07981859410999981	lombard	10	AE1	26	B
2.03786848073	0.10975056689000029	lombard	10	N	27	B
2.14761904762	0.0399092970499999	lombard	10	T	28	B
2.18752834467	0.06984126983999994	lombard	10	sp	29	B
